{
  "height": 279.9017199017199,
  "width": 279.9017199017199,
  "x": 214.01898929537128,
  "y": 55.00,
  "z": 0
}