{
  "height": 279.9017199017199,
  "width": 279.9017199017199,
  "x": 214.01898929537128,
  "y": 54.271356783919593,
  "z": 0
}