{
  "height": 188.14070351758792,
  "width": 476.38190954773864,
  "x": 9.64824120603015,
  "y": 233.96984924623115,
  "z": 1000
}