{
  "height": 208.643216080402,
  "tabOrder": 1000,
  "width": 698.29145728643209,
  "x": 527.03517587939723,
  "y": 55.00,
  "z": 1000
}