{
  "height": 208.5539714867617,
  "tabOrder": 1000,
  "width": 697.35234215885941,
  "x": 393.6456211812627,
  "y": 65.173116089613032,
  "z": 1000
}