{
    "height": 339.60591133004925,
    "width": 464.6305418719212,
    "x": 9.7536945812807883,
    "y": 0,
    "z": 0
  }