{
  "height": 85.628140703517587,
  "width": 300.30150753768845,
  "x": 384.72361809045225,
  "y": 15.678391959798994,
  "z": 1
}