{
  "height": 255.67839195979897,
  "width": 798.39195979899489,
  "x": 159.19597989949747,
  "y": 119.39698492462311,
  "z": 0
}