{
  "height": 464.321608040201,
  "width": 522.2110552763819,
  "x": 548.7437185929648,
  "y": 27.738693467336681,
  "z": 3000
}