{
  "height": 453.46733668341705,
  "width": 553.5678391959799,
  "x": 548.7437185929648,
  "y": 27.738693467336681,
  "z": 3000
}