{
  "height": 188.14070351758792,
  "width": 195.37688442211055,
  "x": 9.64824120603015,
  "y": 0,
  "z": 0
}