{
  "height": 196.5829145728643,
  "tabOrder": 3000,
  "width": 180.90452261306532,
  "x": 0,
  "y": 54.271356783919593,
  "z": 3000
}