{
  "height": 339.60591133004925,
  "width": 683.64532019704438,
  "x": 9.7536945812807883,
  "y": 380.39408866995075,
  "z": 2
}