{
  "height": 339.60591133004925,
  "width": 510.73891625615767,
  "x": 488.57142857142856,
  "y": 34.581280788177338,
  "z": 1
}